{
  "hyderabad": ["hyderabad", "secunderabad"],
  "mumbai": ["mumbai", "thane", "navi mumbai", "bombay", "mumbai suburban"],
  "delhi": [
    "delhi",
    "south east delhi",
    "north delhi",
    "north west delhi",
    "south east delhi",
    "west delhi",
    "west delhi",
    "south delhi",
    "south west delhi",
    "new delhi"
  ],
  "kolkata": ["kolkata", "calcutta", "jamshedpur"],
  "chennai": ["chennai", "madras"],
  "coimbatore": ["coimbatore"],
  "bhopal": ["bhopal"],
  "indore": ["indore"],
  "jaipur": ["jaipur"],
  "nagpur": ["nagpur"],
  "patna": ["patna"],
  "surat": ["surat"],
  "vadodara": ["vadodara", "baroda"],
  "vishakhapatnam": ["vishakhapatnam"],
  "nashik": ["nashik", "Nasik", "nashik"],
  "gurgaon": ["gurgaon", "gurugram"],
  "mysuru": ["mysuru", "mysore"],
  "vijayawada": ["guntur", "krishna"],
  "pune": ["pune", "pimpri-chinchwad"],
  "noida": ["ghaziabad", "gautam buddh nagar"],
  "lucknow": ["kanpur nagar", "lucknow", "kanpur"],
  "kochi": ["ernakulam"],
  "chandigarh": ["sahibzada ajit singh nagar", "chandigarh", "tricity"],
  "ahmedabad": ["ahmedabad", "gandhinagar"],
  "bangalore": ["bangalore", "bangalore urban", "bengaluru"],
  "Guwahati": ["Guwahati"],
  "Chandigarh": ["Ludhiana"],
  "Bhubaneshwar": ["Bhubaneshwar"],
  "Cuttack": ["Cuttack"],
  "Madurai": ["Madurai"],
  "Bhubhaneshwar": ["Bhubhaneshwar", "Bhubhaneshwar"],
  "Bhubaneswar": ["Bhubaneswar"],
  "Kochi": ["Kochi"],
  "Vishakhapatnam": ["Vishakhapatnam"]
}
